<?xml version="1.0" encoding="ISO-8859-1" standalone="no"?>
<Localizations>
    <Language>
        <SelectionName>da.lproj</SelectionName>
        <DirectoryName>da.lproj</DirectoryName>
    </Language>
    <Language>
        <SelectionName>Dutch.lproj</SelectionName>
        <DirectoryName>Dutch.lproj</DirectoryName>
    </Language>
    <Language>
        <SelectionName>English.lproj</SelectionName>
        <DirectoryName>English.lproj</DirectoryName>
    </Language>
    <Language>
        <SelectionName>fi.lproj</SelectionName>
        <DirectoryName>fi.lproj</DirectoryName>
    </Language>
    <Language>
        <SelectionName>French.lproj</SelectionName>
        <DirectoryName>French.lproj</DirectoryName>
    </Language>
    <Language>
        <SelectionName>German.lproj</SelectionName>
        <DirectoryName>German.lproj</DirectoryName>
    </Language>
    <Language>
        <SelectionName>Italian.lproj</SelectionName>
        <DirectoryName>Italian.lproj</DirectoryName>
    </Language>
    <Language>
        <SelectionName>Japanese.lproj</SelectionName>
        <DirectoryName>Japanese.lproj</DirectoryName>
    </Language>
    <Language>
        <SelectionName>ko.lproj</SelectionName>
        <DirectoryName>ko.lproj</DirectoryName>
    </Language>
    <Language>
        <SelectionName>no.lproj</SelectionName>
        <DirectoryName>no.lproj</DirectoryName>
    </Language>
    <Language>
        <SelectionName>pl.lproj</SelectionName>
        <DirectoryName>pl.lproj</DirectoryName>
    </Language>
    <Language>
        <SelectionName>pt_PT.lproj</SelectionName>
        <DirectoryName>pt_PT.lproj</DirectoryName>
    </Language>
    <Language>
        <SelectionName>pt.lproj</SelectionName>
        <DirectoryName>pt.lproj</DirectoryName>
    </Language>
    <Language>
        <SelectionName>ru.lproj</SelectionName>
        <DirectoryName>ru.lproj</DirectoryName>
    </Language>
    <Language>
        <SelectionName>Spanish.lproj</SelectionName>
        <DirectoryName>Spanish.lproj</DirectoryName>
    </Language>
    <Language>
        <SelectionName>sv.lproj</SelectionName>
        <DirectoryName>sv.lproj</DirectoryName>
    </Language>
    <Language>
        <SelectionName>zh_CN.lproj</SelectionName>
        <DirectoryName>zh_CN.lproj</DirectoryName>
    </Language>
    <Language>
        <SelectionName>zh_TW.lproj</SelectionName>
        <DirectoryName>zh_TW.lproj</DirectoryName>
    </Language>
</Localizations>
